[{
        "_id": ObjectId("5b1604de3472e73b8baf1c7e"),
        "nome": "Joana Darc",
        "foto": "user4-128x128.jpg",
        "senha": "1234",
        "profissao": "Arquiteta de Software",
        "email": "joana.darc@babiloniasoftware.com.br",
        "trabalhos": [{
            "periodo": "2017 a atual",
            "nome": "Babilônia Sistemas"
        }, {
            "periodo": "2015 a 2017",
            "nome": "UFC Sistemas"
        }, {
            "periodo": "2010 a 2015",
            "nome": "Ling Ling Sistemas"
        }],
        "estudos": [{
            "periodo": "2012 a 2014",
            "nome": "FAFIFO Pós Graduações"
        }, {
            "periodo": "2008 a 2012",
            "nome": "FAFIFO Graduações"
        }]
    },
    {
        "_id": ObjectId("5b1604de3472e73b8baf1c7f"),
        "nome": "João Feliz da Silva Jr.",
        "foto": "user1-128x128.jpg",
        "senha": "12345",
        "profissao": "Testador de Software",
        "email": "joao.feliz@xorilainsistemas.com.br",
        "trabalhos": [{
            "periodo": "2016 a atual",
            "nome": "Xorilain Sistemas"
        }],
        "estudos": [{
            "periodo": "2012 a 2016",
            "nome": "FAFIFOUR Graduações"
        }]
    },
    {
        "_id": ObjectId("5b1604de3472e73b8baf1c80"),
        "nome": "Josefa Cury",
        "foto": "user7-128x128.jpg",
        "senha": "123456",
        "profissao": "Analista de Requisitos",
        "email": "josefa.cury@dilamarsoftwares.com.br",
        "trabalhos": [{
                "periodo": "2018 a atual",
                "nome": "Dilamar Softwares Corporativos"
            },
            {
                "periodo": "2014 a 2018",
                "nome": "Kariri Softwares"
            }
        ],
        "estudos": [{
            "periodo": "2012 a 2014",
            "nome": "FAFIFIVE Pós Graduações"
        }, {
            "periodo": "2008 a 2012",
            "nome": "FAFIFIVE Graduações"
        }]
    },
    {
        "_id": ObjectId("5b1604de3472e73b8baf1c81"),
        "nome": "Josefa Bonifacia",
        "foto": "user3-128x128.jpg",
        "senha": "123456",
        "profissao": "Analista de Desenvolvimento",
        "email": "josefa.bonifacia@felizsoftware.com.br",
        "trabalhos": [{
                "periodo": "2015 a atual",
                "nome": "Feliz Softwares"
            },
            {
                "periodo": "2014 a 2015",
                "nome": "Tester Softwares"
            }
        ],
        "estudos": [{
            "periodo": "2013 a 2015",
            "nome": "FAFISIX Pós Graduações"
        }, {
            "periodo": "2008 a 2012",
            "nome": "FAFISIX Graduações"
        }]
    },
    {
        "_id": ObjectId("5b1604de3472e73b8baf1c82"),
        "nome": "James Jones",
        "foto": "user6-128x128.jpg",
        "senha": "1234567",
        "profissao": "Analista de Negócios",
        "email": "james.jones@softwaresbahia.com.br",
        "trabalhos": [{
                "periodo": "2012 a atual",
                "nome": "Softwares Bahia"
            },
            {
                "periodo": "2005 a 2012",
                "nome": "Softwares Paulista"
            },
            {
                "periodo": "2003 a 2005",
                "nome": "Softwares Brasília"
            }
        ],
        "estudos": [{
            "periodo": "2005 a 2009",
            "nome": "FAFISEVEN Graduações"
        }]
    },
    {
        "_id": ObjectId("5b1604de3472e73b8baf1c83"),
        "nome": "Jurema Clarkson",
        "foto": "user5-128x128.jpg",
        "senha": "12345678",
        "profissao": "User Experience",
        "email": "jurema.clarkson@zeldasystems.com.br",
        "trabalhos": [{
                "periodo": "2010 a atual",
                "nome": "Zelda Systems"
            },
            {
                "periodo": "2007 a 2010",
                "nome": "Django Softwares"
            }
        ],
        "estudos": [{
            "periodo": "2006 a 2010",
            "nome": "FAFININE Graduações"
        }]
    }
];


[{
        "_id": 1,
        "_parent_id": null,
        "perfil": {
            "_id": ObjectId("5b1604de3472e73b8baf1c7f"),
            "nome": "João Feliz da Silva Jr.",
            "foto": "user1-128x128.jpg"
        },
        "dtPublicacao": "19:30",
        "descricao": "Lorem ipsum represents a long-held tradition for designers, typographers and the like. Some people hate it and argue for its demise, but others ignore the hate as they create awesome tools to help create filler text for everyone from bacon lovers to Charlie Sheen fans.",
        "likes": 12,
        "dislikes": 0,
        "openComment": false,
        "mostrarRespostasOpen": false,
        "comentarios": [{
            "_id": 6,
            "_parent_id": 1,
            "perfil": {
                "_id": ObjectId("5b1604de3472e73b8baf1c80"),
                "nome": "Josefa Cury",
                "foto": "user7-128x128.jpg"
            },
            "dtPublicacao": "15:41",
            "descricao": "Lorem ipsum represents a long-held tradition for designers, typographers and the like. Some people hate it and argue for its demise, but others ignore the hate as they create awesome tools to help create filler text for everyone from bacon lovers to Charlie Sheen fans.",
            "likes": 2,
            "dislikes": 0,
            "openComment": false,
            "mostrarRespostasOpen": false,
            "comentarios": [{
                "_id": 7,
                "_parent_id": 6,
                "perfil": {
                    "_id": ObjectId("5b1604de3472e73b8baf1c81"),
                    "nome": "Josefa Bonifacia",
                    "foto": "user3-128x128.jpg"
                },
                "dtPublicacao": "23:41",
                "descricao": "Lorem ipsum represents a long-held tradition for designers, typographers and the like. Some people hate it and argue for its demise, but others ignore the hate as they create awesome tools to help create filler text for everyone from bacon lovers to Charlie Sheen fans.",
                "likes": 3,
                "dislikes": 0,
                "openComment": false,
                "mostrarRespostasOpen": false,
                "comentarios": []
            }]
        }]
    },
    {
        "_id": 2,
        "_parent_id": null,
        "perfil": {
            "_id": ObjectId("5b1604de3472e73b8baf1c82"),
            "nome": "James Jones",
            "foto": "user6-128x128.jpg"
        },
        "dtPublicacao": "21:37",
        "descricao": '<div class="row mb-12"><div class="col-sm-12"><img class="img-fluid" src="dist/img/photo1.png" alt="Photo"></div></div>',
        "likes": 244,
        "dislikes": 8,
        "openComment": false,
        "mostrarRespostasOpen": false,
        "comentarios": [{
            "_id": 8,
            "_parent_id": 2,
            "perfil": {
                "_id": ObjectId("5b1604de3472e73b8baf1c83"),
                "nome": "Jurema Clarkson",
                "foto": "user5-128x128.jpg"
            },
            "dtPublicacao": "23:41",
            "descricao": "Lorem ipsum represents a long-held tradition for designers, typographers and the like. Some people hate it and argue for its demise, but others ignore the hate as they create awesome tools to help create filler text for everyone from bacon lovers to Charlie Sheen fans.",
            "likes": 12,
            "dislikes": 1,
            "openComment": false,
            "mostrarRespostasOpen": false,
            "comentarios": []
        }]
    },
    {
        "_id": 3,
        "_parent_id": null,
        "perfil": {
            "_id": ObjectId("5b1604de3472e73b8baf1c7e"),
            "nome": "Joana Darc",
            "foto": "user4-128x128.jpg"
        },
        "dtPublicacao": "18:37",
        "descricao": "Lorem ipsum represents a long-held tradition for designers, typographers and the like. Some people hate it and argue for its demise, but others ignore the hate as they create awesome tools to help create filler text for everyone from bacon lovers to Charlie Sheen fans.",
        "likes": 112,
        "dislikes": 33,
        "openComment": false,
        "mostrarRespostasOpen": false,
        "comentarios": []
    },
    {
        "_id": 4,
        "_parent_id": null,
        "perfil": {
            "_id": ObjectId("5b1604de3472e73b8baf1c81"),
            "nome": "Josefa Bonifacia",
            "foto": "user3-128x128.jpg"
        },
        "dtPublicacao": "18:57",
        "descricao": "Lorem ipsum represents a long-held  asdf ftradition for designers, typographers and the like. Some people hate it and argue for its demise, but others ignore the hate as they create awesome tools to help create filler text for everyone from bacon lovers to Charlie Sheen fans.",
        "likes": 2,
        "dislikes": 1,
        "openComment": false,
        "mostrarRespostasOpen": false,
        "comentarios": []
    },
    {
        "_id": 5,
        "_parent_id": null,
        "perfil": {
            "_id": ObjectId("5b1604de3472e73b8baf1c80"),
            "nome": "Josefa Cury",
            "foto": "user7-128x128.jpg"
        },
        "dtPublicacao": "09:31",
        "descricao": '<div class="row mb-12"><div class="col-sm-12"><img class="img-fluid" src="dist/img/photo1.png" alt="Photo"></div></div>',
        "likes": 244,
        "dislikes": 8,
        "openComment": false,
        "mostrarRespostasOpen": false,
        "comentarios": [{
            "_id": 9,
            "_parent_id": 5,
            "perfil": {
                "_id": ObjectId("5b1604de3472e73b8baf1c83"),
                "nome": "Jurema Clarkson",
                "foto": "user5-128x128.jpg"
            },
            "dtPublicacao": "13:31",
            "descricao": "Lorem ipsum rasdf  preasdf asdfadsfa ssents a long-held tradition for designers, typographers and the like. Some people hate it and argue for its demise, but others ignore the hate as they create awesome tools to help create filler text for everyone from bacon lovers to Charlie Sheen fans.",
            "likes": 33,
            "dislikes": 21,
            "openComment": false,
            "mostrarRespostasOpen": false,
            "comentarios": []
        }]
    }
]